Category,Service Name,Dashboard / Login URL,Account / Identifier,Key / Credential Reference,What It Controls / Manages,Cost / Plan
Domain & DNS,Spaceship,https://www.spaceship.com/,trippo.top,Nameservers: launch1.spaceship.net / launch2.spaceship.net,Domain registration & DNS A/CNAME records directing traffic to GitHub Pages,~$1.50 - $3.00 / year
Web Hosting & CI/CD,GitHub (GitHub Pages),https://github.com/jacobgbroussard-code/trippo-site/settings/pages,jacobgbroussard-code / trippo-site,Auto-deploys on git push to 'main' branch,"Hosting for the live web app, automated SSL certificate, PWA caching",Free
Database & Cloud Sync,Supabase,https://supabase.com/dashboard/project/lbmxfczgvtznhfhzogla,Project Ref: lbmxfczgvtznhfhzogla,"Anon Key: eyJhbGciOiJIUzI1Ni... (see js/db.js)",User accounts (login/signup) and cloud trip data synchronization,Free Tier (500MB DB / 50k MAU)
Maps & Autocomplete,Google Cloud Console,https://console.cloud.google.com/google/maps-apis,Project with Maps & Places enabled,API Key: AIzaSyBMvlLs5sfzrIpQlgmzw1YqTcScgIyzLDg,"Google Places Search, Autocomplete suggestions, Street View panoramas",Free Tier ($200 monthly free credit)
Backup Web Hosting,Netlify,https://app.netlify.com/,Account: 6abf5d2111b014b27dab4657,"Site ID: 884d84e4-c5e0-4d92-b3c1-7b8313fa3333, Token in .env",Standby backup hosting provider,Free Tier
Map Tiles & Rails,OpenStreetMap / OpenRailwayMap,https://www.openstreetmap.org/,Public Open Source API,No account required,Standard world map tiles and transit/rail overlays,Free (Open Source)
Turn-by-Turn Routing,Project OSRM,http://project-osrm.org/,Public Open Source API,No account required,Walking and driving distance/time estimations and road polyline geometry,Free (Open Source)
Travel Partner,Trip.com,https://us.trip.com/,Affiliate / Partner Links,Embedded deep links in bookings.js,Hotels / Flights / Trains booking redirects for users,Free / Revenue share
Travel Partner,Booking.com,https://www.booking.com/,Partner Links,Embedded deep links in bookings.js,Hotel rate search redirects for users,Free
Travel Partner,Google Flights,https://www.google.com/travel/flights,Public search URL,Embedded dynamic search links,Flight schedule and ticket price redirects for users,Free
Local Management,Trippo Git Repository,Local Folder (c:\Users\Jacob\Desktop\trippo-site),Git Branch: main,Script: deploy-to-github.cmd,"Local source code, version bumps, automated test scripts",Free
